timestamp,open,high,low,close,volume
1642615200000,3150.69,3156.8,3126.0,3135.92,8746.1934
1642611600000,3100.59,3158.78,3099.67,3150.68,18699.3599
1642608000000,3122.69,3131.52,3082.81,3100.6,19389.1498
1642604400000,3158.23,3161.85,3113.77,3122.68,19270.5109
1642600800000,3123.03,3161.18,3110.57,3158.23,18958.3881
1642597200000,3119.35,3142.28,3115.74,3123.04,11032.2895
1642593600000,3117.15,3133.0,3111.29,3119.35,11700.4438
1642590000000,3078.34,3130.33,3076.0,3117.28,26200.8809
1642586400000,3086.01,3088.82,3000.0,3078.34,22051.4834
1642582800000,3064.27,3092.44,3060.04,3086.01,13726.1496
1642579200000,3062.0,3070.0,3044.81,3064.27,16644.0989
1642575600000,3100.01,3100.01,3046.82,3062.0,27647.2049
1642572000000,3106.0,3111.51,3089.0,3100.0,9492.4564
1642568400000,3101.34,3113.21,3098.16,3106.0,6685.3654
1642564800000,3099.39,3114.49,3097.44,3101.34,9246.2101
1642561200000,3157.82,3158.82,3088.0,3099.38,27242.322
1642557600000,3170.69,3174.87,3151.07,3157.82,8634.32
1642554000000,3152.98,3173.6,3152.71,3170.68,7811.8511
1642550400000,3159.85,3169.99,3143.75,3152.98,7627.45
1642546800000,3179.21,3182.33,3156.59,3159.85,6960.8572
1642543200000,3162.87,3193.0,3155.44,3179.21,9966.6876
1642539600000,3123.95,3169.34,3118.53,3162.87,17135.2003
1642536000000,3127.68,3132.72,3100.28,3123.95,9937.4964
1642532400000,3107.78,3133.0,3104.64,3127.67,8704.1103
1642528800000,3104.13,3113.0,3082.0,3107.78,17015.4408
1642525200000,3131.61,3134.08,3102.52,3104.12,14020.5122
1642521600000,3116.54,3140.25,3102.03,3131.6,13758.7977
1642518000000,3119.81,3144.49,3113.0,3116.54,19782.5914
1642514400000,3139.22,3144.13,3100.18,3119.81,21627.1671
1642510800000,3163.01,3166.32,3110.0,3139.41,21590.1116
1642507200000,3171.22,3181.17,3147.46,3163.01,11339.5608
1642503600000,3175.0,3175.76,3153.45,3171.21,10992.3543
1642500000000,3165.74,3191.61,3156.69,3175.0,10334.5277
1642496400000,3157.08,3175.1,3128.39,3165.73,20548.9568
1642492800000,3187.8,3188.87,3150.0,3157.07,13468.8604
1642489200000,3201.1,3205.39,3181.53,3187.81,8032.5914
1642485600000,3174.33,3208.0,3174.05,3201.11,8019.0341
1642482000000,3175.01,3183.28,3164.72,3174.34,6493.9621
1642478400000,3182.32,3188.47,3163.17,3175.01,9457.1773
1642474800000,3218.59,3219.43,3175.03,3182.33,12804.8501
1642471200000,3223.35,3224.48,3209.07,3218.59,8515.0045
1642467600000,3228.36,3243.87,3217.79,3223.36,7373.725
1642464000000,3209.68,3235.54,3204.76,3228.64,11254.6957
1642460400000,3192.58,3221.0,3191.43,3209.67,9788.3316
1642456800000,3165.33,3216.27,3141.1,3192.57,15348.3694
1642453200000,3208.35,3210.54,3152.09,3165.32,15766.2425
1642449600000,3218.79,3224.24,3207.38,3208.35,5793.2246
1642446000000,3216.7,3226.04,3212.94,3218.96,6471.5899
1642442400000,3207.23,3217.41,3180.13,3216.71,18805.7862
1642438800000,3228.02,3231.56,3192.59,3207.23,13934.149
1642435200000,3236.65,3246.76,3208.29,3227.86,16585.305
1642431600000,3256.05,3258.18,3221.0,3236.65,17391.1346
1642428000000,3267.92,3275.75,3250.0,3256.05,7959.9281
1642424400000,3260.0,3275.34,3256.46,3267.91,6865.3941
1642420800000,3255.94,3280.6,3233.6,3260.01,13695.8352
1642417200000,3273.36,3279.42,3254.49,3255.94,6550.5214
1642413600000,3273.78,3279.0,3254.44,3273.36,8013.3991
1642410000000,3271.55,3281.7,3262.8,3273.78,6806.3143
1642406400000,3270.71,3278.12,3251.0,3271.54,12228.5853
1642402800000,3273.37,3299.95,3270.01,3270.7,8735.4433
1642399200000,3265.7,3282.76,3262.79,3273.37,9187.5347
1642395600000,3254.1,3268.2,3237.16,3265.7,14016.4718
1642392000000,3258.22,3274.75,3251.11,3254.09,16943.9248
1642388400000,3325.5,3330.45,3256.01,3258.22,27214.3761
1642384800000,3320.0,3326.89,3310.33,3325.49,8666.7042
1642381200000,3325.99,3331.53,3312.82,3319.99,7063.4321
1642377600000,3346.89,3357.57,3323.75,3326.0,10231.6575
1642374000000,3348.39,3362.26,3345.3,3346.88,5536.9909
1642370400000,3329.65,3353.01,3328.47,3348.39,5031.369
1642366800000,3332.96,3337.45,3326.56,3329.66,2967.8358
1642363200000,3320.97,3337.32,3310.42,3332.97,6470.8787
1642359600000,3346.84,3349.24,3312.79,3320.97,11190.1408
1642356000000,3346.12,3353.91,3339.56,3346.83,5796.2621
1642352400000,3371.12,3374.99,3344.0,3346.13,7957.3478
1642348800000,3353.49,3393.6,3344.52,3371.13,16617.7156
1642345200000,3350.66,3361.0,3341.01,3353.5,7471.3394
1642341600000,3340.47,3362.58,3328.68,3350.8,17355.348
1642338000000,3332.33,3350.0,3269.62,3340.46,29117.8952
1642334400000,3312.14,3344.89,3312.0,3332.14,9127.3268
1642330800000,3305.63,3319.4,3285.49,3312.01,11445.2128
1642327200000,3318.98,3333.83,3304.05,3305.63,7860.4823
1642323600000,3311.52,3323.89,3308.47,3318.98,8337.5559
1642320000000,3332.0,3337.74,3310.17,3311.52,8413.6768
1642316400000,3334.37,3340.04,3327.94,3331.75,7491.0855
1642312800000,3306.01,3336.85,3303.66,3334.38,6444.3473
1642309200000,3317.3,3323.34,3306.0,3306.0,4240.2755
1642305600000,3313.61,3321.78,3305.69,3317.3,6456.6191
1642302000000,3303.67,3319.95,3299.04,3313.61,5914.7812
1642298400000,3320.79,3326.69,3295.14,3303.67,9677.8516
1642294800000,3331.92,3337.13,3320.24,3321.07,4014.1302
1642291200000,3326.51,3334.66,3315.06,3331.92,5845.7594
1642287600000,3337.59,3344.97,3323.85,3326.04,5370.8595
1642284000000,3333.33,3341.06,3327.69,3337.6,3490.4594
1642280400000,3351.04,3353.0,3326.25,3333.33,7112.9192
1642276800000,3349.35,3370.24,3349.34,3351.04,8871.7906
1642273200000,3343.39,3350.56,3339.32,3349.35,4700.336
1642269600000,3349.89,3350.31,3340.87,3343.39,4985.1127
1642266000000,3358.6,3362.09,3346.76,3349.89,8712.0252
1642262400000,3361.97,3371.64,3353.0,3358.6,10287.8366
1642258800000,3338.71,3369.94,3332.51,3361.97,21986.3046
1642255200000,3302.73,3358.65,3292.92,3338.7,24053.4329
1642251600000,3282.8,3309.86,3275.0,3302.74,13072.5726
1642248000000,3318.54,3320.11,3261.0,3282.8,16519.5211
1642244400000,3322.95,3324.89,3312.75,3318.54,4662.0263
1642240800000,3330.3,3338.93,3322.7,3322.95,6988.7344
1642237200000,3311.65,3332.89,3310.0,3330.31,6308.0273
1642233600000,3313.53,3324.6,3310.0,3311.99,6326.0056
1642230000000,3317.82,3319.33,3305.0,3313.52,5726.889
1642226400000,3308.21,3320.5,3302.75,3317.82,4099.913
1642222800000,3304.56,3316.62,3298.0,3308.22,4462.8866
1642219200000,3307.48,3308.49,3293.31,3304.55,8180.7299
1642215600000,3315.79,3321.79,3303.37,3307.49,7961.3798
1642212000000,3302.76,3315.83,3296.96,3315.79,5435.626
1642208400000,3314.45,3318.2,3295.14,3302.76,5540.3842
1642204800000,3307.42,3325.68,3302.0,3314.44,8244.6053
1642201200000,3313.49,3318.7,3293.13,3307.42,7636.2628
1642197600000,3331.04,3332.69,3313.22,3313.49,6819.0635
1642194000000,3303.18,3342.79,3302.02,3331.04,8602.0015
1642190400000,3308.01,3317.79,3297.86,3303.18,9984.7476
1642186800000,3291.69,3327.0,3291.68,3307.55,11527.8806
1642183200000,3279.6,3295.0,3270.65,3291.68,7139.3908
1642179600000,3295.33,3308.57,3274.4,3279.6,11327.7525
1642176000000,3278.16,3296.97,3258.18,3295.32,12311.3731
1642172400000,3276.26,3299.69,3259.08,3278.0,20708.0325
1642168800000,3210.15,3284.74,3204.0,3276.55,21039.5464
1642165200000,3211.39,3230.75,3203.39,3210.15,10100.8664
1642161600000,3202.51,3230.45,3188.0,3211.62,22877.7929
1642158000000,3224.54,3225.0,3193.34,3202.51,23640.7865
1642154400000,3262.35,3268.2,3216.82,3224.54,14773.4708
1642150800000,3256.78,3274.38,3251.13,3262.34,7219.6876
1642147200000,3268.96,3270.44,3240.3,3256.77,13015.3868
1642143600000,3291.62,3295.0,3263.93,3268.97,10113.7172
1642140000000,3304.82,3312.39,3291.55,3291.55,13270.7697
1642136400000,3272.32,3306.21,3270.21,3304.81,9799.6754
1642132800000,3266.43,3284.68,3265.9,3272.32,8269.5694
1642129200000,3272.83,3274.0,3261.5,3266.43,5262.1043
1642125600000,3258.64,3275.48,3246.24,3272.84,8552.6738
1642122000000,3268.57,3269.71,3252.0,3258.65,8655.5568
1642118400000,3240.61,3270.0,3222.22,3268.57,12678.2416
1642114800000,3247.1,3264.03,3233.64,3240.61,8268.0302
1642111200000,3270.24,3276.57,3244.31,3247.11,7274.7394
1642107600000,3275.82,3277.87,3265.0,3270.24,6696.9248
1642104000000,3271.49,3278.73,3233.43,3275.81,20775.2476
1642100400000,3270.59,3291.52,3247.52,3271.5,13231.7178
1642096800000,3281.4,3296.49,3265.98,3270.59,12714.5702
1642093200000,3301.24,3304.33,3249.0,3281.71,25448.0879
1642089600000,3301.42,3318.97,3286.97,3301.27,18427.1896
1642086000000,3386.43,3391.83,3272.59,3301.43,60327.5131
1642082400000,3373.0,3410.0,3364.43,3386.43,25739.8506
1642078800000,3367.22,3378.0,3351.86,3373.0,11613.0217
1642075200000,3334.0,3368.44,3332.28,3367.22,8947.5274
1642071600000,3356.08,3359.92,3328.86,3333.99,11915.8037
1642068000000,3362.35,3379.0,3355.49,3356.08,9152.2183
1642064400000,3357.56,3375.14,3347.59,3362.35,10159.194
1642060800000,3339.99,3357.69,3335.05,3357.56,10853.07
1642057200000,3340.52,3349.0,3330.0,3339.99,7338.3915
1642053600000,3337.01,3345.0,3334.63,3340.52,6561.2056
1642050000000,3336.92,3343.31,3324.1,3337.01,9864.8995
1642046400000,3338.03,3352.67,3333.96,3336.92,7907.1871
1642042800000,3335.07,3340.78,3310.0,3338.04,12072.6912
1642039200000,3333.8,3347.27,3331.6,3335.07,6479.5316
1642035600000,3353.76,3362.39,3331.05,3333.81,10197.2491
1642032000000,3371.6,3384.56,3348.31,3353.75,14269.018
1642028400000,3362.91,3378.85,3355.51,3371.26,8856.457
1642024800000,3366.63,3380.94,3362.04,3362.9,7477.2873
1642021200000,3381.99,3411.43,3365.0,3366.63,14068.9368
1642017600000,3382.01,3393.1,3366.0,3381.98,7576.9678
1642014000000,3372.25,3383.99,3362.02,3382.02,7370.3085
1642010400000,3381.44,3392.94,3365.1,3372.25,11339.6358
1642006800000,3370.08,3388.01,3359.34,3381.44,12585.897
1642003200000,3361.75,3375.59,3336.34,3370.08,19450.675
1641999600000,3375.87,3388.02,3350.99,3361.76,20281.5511
1641996000000,3370.38,3383.21,3349.02,3375.84,31745.4204
1641992400000,3316.59,3377.27,3300.91,3370.39,44845.9395
1641988800000,3272.5,3332.01,3268.25,3316.6,37855.1067
1641985200000,3248.14,3295.96,3240.15,3272.51,26899.6285
1641981600000,3261.6,3270.38,3245.0,3248.14,12145.1338
1641978000000,3231.99,3275.4,3228.85,3261.6,16904.4535
1641974400000,3217.53,3240.39,3215.78,3232.0,8762.895
1641970800000,3235.16,3239.49,3206.2,3217.52,15103.5817
1641967200000,3229.99,3260.89,3219.35,3235.15,13699.352
1641963600000,3227.41,3233.46,3220.99,3230.0,7484.7024
1641960000000,3234.51,3243.54,3219.37,3227.4,8839.8168
1641956400000,3229.01,3240.01,3222.82,3234.52,7580.6851
1641952800000,3231.28,3238.2,3217.52,3229.01,8912.8741
1641949200000,3233.19,3240.6,3225.01,3230.94,7912.7945
1641945600000,3239.73,3259.99,3224.49,3233.18,12765.7012
1641942000000,3232.19,3248.76,3228.83,3239.72,7199.5453
1641938400000,3230.45,3237.2,3223.22,3232.18,4840.3065
1641934800000,3240.21,3243.39,3226.12,3230.46,6501.4016
1641931200000,3237.17,3249.06,3232.73,3240.21,10016.6695
1641927600000,3233.58,3245.8,3217.06,3237.18,12159.6888
1641924000000,3231.66,3249.95,3220.39,3233.58,13561.8931
1641920400000,3218.68,3263.54,3200.39,3231.67,44041.7382
1641916800000,3133.55,3237.22,3130.0,3218.67,67296.1494
1641913200000,3115.33,3158.56,3110.75,3133.56,21964.9648
1641909600000,3113.51,3122.57,3075.48,3115.34,23538.8858
1641906000000,3121.93,3131.49,3105.98,3113.52,9805.9169
1641902400000,3110.92,3135.52,3104.67,3121.93,10608.9664
1641898800000,3093.7,3120.65,3091.87,3110.93,11170.1611
1641895200000,3123.14,3132.66,3088.0,3093.7,11510.016
1641891600000,3107.44,3134.02,3097.9,3123.15,13628.0209
1641888000000,3129.59,3146.98,3104.79,3107.62,17194.6096
1641884400000,3108.08,3137.01,3105.69,3129.59,10443.4855
1641880800000,3110.66,3122.9,3097.57,3108.08,6168.687
1641877200000,3118.18,3119.85,3101.52,3110.66,6423.6842
1641873600000,3119.79,3124.71,3105.69,3118.17,8733.007
1641870000000,3115.61,3123.74,3107.14,3120.2,8469.8408
1641866400000,3091.74,3128.5,3086.0,3115.61,16378.5041
1641862800000,3054.6,3091.9,3051.8,3091.75,10605.0436
1641859200000,3082.87,3087.18,3054.18,3054.75,10185.5226
1641855600000,3062.73,3088.01,3054.06,3082.68,9189.4677
1641852000000,3074.65,3084.96,3056.33,3062.73,6294.9157
1641848400000,3082.68,3096.15,3068.12,3074.65,13234.7443
1641844800000,3029.75,3088.0,3019.17,3082.68,15604.1474
1641841200000,3042.9,3056.28,3020.21,3029.75,10499.1698
1641837600000,3012.3,3059.56,3003.24,3042.91,17689.5633
1641834000000,3075.74,3083.78,2970.68,3012.3,58899.9362
1641830400000,3006.27,3095.0,2996.1,3075.74,43620.2713
1641826800000,3018.96,3032.4,2981.03,3006.26,40379.5084
1641823200000,3021.34,3041.82,2928.83,3018.96,128141.5663
1641819600000,3031.55,3047.61,3011.56,3021.04,27512.339
1641816000000,3104.42,3110.94,3030.0,3031.55,33757.8233
1641812400000,3138.97,3140.25,3094.39,3104.5,25916.8236
1641808800000,3146.01,3168.0,3137.37,3138.97,9407.66
1641805200000,3145.27,3159.45,3140.5,3146.0,6973.1479
1641801600000,3163.24,3169.91,3138.01,3145.27,11088.7354
1641798000000,3161.45,3175.01,3155.16,3163.24,7950.9808
1641794400000,3173.99,3175.07,3155.3,3161.45,7804.6773
1641790800000,3175.18,3181.0,3167.4,3174.0,8635.7041
1641787200000,3155.04,3185.0,3152.0,3175.18,12759.537
1641783600000,3153.82,3157.47,3147.87,3155.04,4942.2764
1641780000000,3151.61,3160.0,3141.6,3153.82,8375.5216
1641776400000,3137.39,3152.79,3128.11,3151.6,9251.9346
1641772800000,3151.97,3171.25,3135.48,3136.78,11887.9352
1641769200000,3179.4,3185.22,3143.84,3151.97,13343.8637
1641765600000,3189.05,3200.0,3173.24,3179.4,5921.1581
1641762000000,3195.84,3204.37,3183.68,3189.05,6250.2761
1641758400000,3204.11,3211.72,3192.78,3195.84,8921.7249
1641754800000,3169.31,3209.64,3161.23,3203.91,17699.8806
1641751200000,3166.65,3179.92,3164.33,3168.63,12406.0303
1641747600000,3159.97,3177.86,3148.35,3166.66,18713.257
1641744000000,3098.06,3160.0,3092.34,3159.96,18744.8401
1641740400000,3097.88,3104.85,3072.71,3098.05,13856.3158
1641736800000,3086.07,3116.64,3085.83,3097.87,9145.7084
1641733200000,3109.74,3130.06,3085.01,3085.01,10422.6327
1641729600000,3128.42,3135.0,3104.57,3109.74,8474.6559
1641726000000,3106.8,3135.32,3106.28,3128.42,10128.1456
1641722400000,3096.81,3111.0,3084.81,3106.8,9810.5785
1641718800000,3107.82,3116.5,3093.18,3096.81,12785.2981
1641715200000,3127.51,3140.0,3103.13,3107.58,12408.7235
1641711600000,3138.15,3140.53,3122.0,3127.51,5433.2038
1641708000000,3123.04,3146.0,3118.81,3138.14,7811.1306
1641704400000,3140.82,3147.53,3118.4,3123.04,7608.4069
1641700800000,3120.56,3143.5,3116.38,3140.83,8252.2055
1641697200000,3137.08,3145.86,3118.06,3120.57,11439.7478
1641693600000,3115.25,3146.25,3110.5,3137.06,11985.8062
1641690000000,3119.43,3135.71,3092.85,3115.24,17813.8682
1641686400000,3080.98,3122.3,3057.35,3119.43,16496.706
1641682800000,3118.46,3119.94,3078.44,3080.95,11848.0353
1641679200000,3078.37,3133.56,3075.51,3118.45,15143.6376
1641675600000,3031.66,3104.13,3024.99,3078.37,24844.1559
1641672000000,3028.75,3055.06,3003.3,3031.62,22372.1694
1641668400000,3009.22,3057.32,3000.0,3028.75,40262.724
1641664800000,3040.84,3080.0,3001.0,3009.22,56410.6109
1641661200000,3129.01,3136.57,3035.94,3040.83,37645.1714
1641657600000,3160.33,3180.0,3121.87,3129.01,17453.8168
1641654000000,3176.3,3183.81,3147.09,3160.72,18047.3897
1641650400000,3200.39,3205.57,3175.05,3176.31,9190.9626
1641646800000,3201.18,3208.85,3175.05,3200.39,10334.1321
1641643200000,3219.96,3230.33,3193.34,3201.47,13433.1169
1641639600000,3221.33,3224.11,3198.64,3219.95,9661.0854
1641636000000,3240.92,3250.0,3209.19,3221.33,17975.2855
1641632400000,3215.68,3241.5,3215.24,3240.92,9277.8525
1641628800000,3216.14,3237.85,3208.18,3215.24,10722.9108
1641625200000,3219.49,3230.01,3207.23,3216.13,10562.9736
1641621600000,3215.66,3223.87,3191.5,3219.48,10627.8979
1641618000000,3218.69,3220.95,3204.35,3215.67,4926.3488
1641614400000,3203.77,3227.46,3201.96,3218.69,8935.266
1641610800000,3209.88,3213.32,3181.0,3203.5,7791.641
1641607200000,3217.8,3222.22,3189.95,3209.88,9490.47
1641603600000,3235.78,3246.7,3215.94,3217.8,8857.9465
1641600000000,3198.68,3239.6,3188.41,3235.79,14876.5055
1641596400000,3181.77,3199.42,3170.26,3199.24,8779.5917
1641592800000,3215.04,3216.59,3165.17,3181.77,10529.6736
1641589200000,3215.09,3223.64,3205.01,3215.04,8368.5519
1641585600000,3197.33,3225.24,3183.27,3214.88,13416.3527
1641582000000,3172.86,3203.36,3143.98,3197.32,14959.4531
1641578400000,3203.2,3209.23,3157.0,3173.13,10734.5778
1641574800000,3214.11,3216.38,3173.36,3203.21,14215.3949
1641571200000,3131.69,3222.69,3091.0,3213.41,53549.5164
1641567600000,3208.2,3209.66,3064.42,3131.69,62334.0102
1641564000000,3166.72,3226.81,3158.0,3208.2,28901.722
1641560400000,3241.72,3268.79,3114.56,3166.82,59819.4132
1641556800000,3225.86,3265.01,3225.45,3241.72,12731.478
1641553200000,3216.96,3237.28,3215.2,3225.68,11978.7626
1641549600000,3250.68,3266.27,3216.75,3217.33,17382.3768
1641546000000,3231.0,3275.57,3228.53,3250.58,22274.557
1641542400000,3201.75,3289.0,3188.01,3231.01,38705.0759
1641538800000,3171.14,3205.65,3113.25,3202.25,42039.1103
1641535200000,3235.76,3236.05,3151.18,3170.98,35499.8169
1641531600000,3217.31,3249.33,3211.85,3235.77,31441.7987
1641528000000,3238.74,3251.42,3140.27,3217.31,73101.4428
1641524400000,3361.61,3364.62,3227.82,3238.74,60437.7982
1641520800000,3391.59,3392.1,3357.72,3361.2,10172.4979
1641517200000,3366.71,3394.4,3366.57,3391.59,12111.4824
1641513600000,3406.81,3416.76,3365.01,3366.71,16147.2712
1641510000000,3429.56,3431.77,3405.74,3406.81,7991.7616
1641506400000,3428.02,3437.24,3415.44,3429.55,5062.1495
1641502800000,3425.77,3433.41,3414.2,3428.26,7008.3025
1641499200000,3447.28,3458.73,3419.33,3425.77,12212.5746
1641495600000,3456.45,3461.33,3436.0,3447.29,16732.4486
1641492000000,3422.89,3458.67,3417.04,3456.45,16112.059
1641488400000,3401.25,3435.19,3395.87,3422.89,12924.8169
1641484800000,3397.01,3420.0,3382.11,3401.24,15460.1196
1641481200000,3394.81,3406.01,3358.44,3397.01,23173.1542
1641477600000,3405.31,3426.0,3383.34,3394.8,26010.5495
1641474000000,3361.15,3409.11,3360.8,3405.58,21746.8558
1641470400000,3349.49,3362.01,3318.0,3361.16,18031.1037
1641466800000,3355.94,3367.88,3330.97,3349.49,15867.6256
1641463200000,3308.44,3365.81,3308.1,3355.94,26215.7987
1641459600000,3405.56,3408.37,3300.0,3308.44,58231.3825
1641456000000,3453.04,3456.05,3384.0,3405.22,34167.7777
1641452400000,3438.74,3463.39,3426.31,3453.12,16986.5552
1641448800000,3456.97,3468.1,3419.94,3438.73,18913.5143
1641445200000,3450.42,3480.42,3436.79,3456.98,22669.5616
1641441600000,3448.83,3471.07,3406.24,3450.42,37113.2238
1641438000000,3508.3,3510.75,3445.75,3448.83,29649.9354
1641434400000,3525.13,3529.71,3491.47,3508.31,19040.2744
1641430800000,3538.85,3540.0,3501.83,3525.13,15755.2747
1641427200000,3539.82,3550.43,3516.0,3538.85,19668.9219
1641423600000,3534.25,3564.98,3503.18,3540.63,26507.9435
1641420000000,3554.24,3570.36,3415.0,3534.25,65658.8238
1641416400000,3593.13,3633.96,3553.0,3554.24,28173.218
1641412800000,3655.29,3666.14,3583.36,3593.46,54535.853
1641409200000,3747.6,3760.16,3645.6,3655.3,44674.9533
1641405600000,3773.0,3773.0,3726.4,3747.6,25781.3228
1641402000000,3792.87,3804.23,3771.13,3772.6,11885.0492
1641398400000,3820.97,3823.33,3790.13,3792.88,8767.9237
1641394800000,3821.02,3828.18,3804.27,3820.97,8922.9206
1641391200000,3814.54,3833.0,3788.57,3821.0,14455.1364
1641387600000,3790.02,3816.17,3780.79,3814.54,10160.5936
1641384000000,3791.69,3796.71,3761.44,3790.03,12642.7174
1641380400000,3826.45,3828.08,3781.42,3791.69,13111.5885
1641376800000,3836.7,3848.0,3821.26,3826.45,7454.3583
1641373200000,3820.83,3840.0,3816.46,3836.69,8725.2186
1641369600000,3815.73,3826.7,3802.46,3820.82,7143.9359
1641366000000,3819.17,3822.89,3809.57,3815.74,4536.4788
1641362400000,3803.87,3821.43,3798.77,3819.17,6236.7895
1641358800000,3810.12,3810.21,3797.49,3803.86,4757.4829
1641355200000,3809.44,3818.85,3802.62,3810.12,5210.3318
1641351600000,3802.38,3826.05,3802.38,3809.45,6913.1841
1641348000000,3793.33,3808.3,3792.8,3802.38,6540.4906
1641344400000,3810.13,3810.94,3792.1,3793.33,6428.4201
1641340800000,3785.1,3812.24,3766.0,3810.13,8717.3019
1641337200000,3816.62,3816.63,3783.89,3785.11,7933.4851
1641333600000,3825.99,3826.0,3805.91,3816.62,5805.0681
1641330000000,3816.37,3832.51,3807.99,3825.99,6061.3313
1641326400000,3812.05,3829.8,3795.59,3816.37,13415.1941
1641322800000,3771.69,3842.52,3758.4,3812.31,26045.4081
1641319200000,3838.3,3854.5,3762.38,3771.68,23872.4179
1641315600000,3851.57,3864.58,3837.01,3838.3,5685.1103
1641312000000,3849.51,3865.64,3835.63,3851.71,17338.0907
1641308400000,3875.34,3887.08,3843.82,3849.52,15187.6719
1641304800000,3865.96,3900.73,3851.52,3875.34,25124.721
1641301200000,3831.79,3875.0,3815.06,3865.96,18976.9053
1641297600000,3836.19,3841.93,3818.15,3831.79,11473.6512
1641294000000,3805.76,3840.0,3805.5,3836.19,21823.7676
1641290400000,3766.93,3814.99,3764.52,3805.76,12503.6287
1641286800000,3770.12,3778.92,3763.59,3766.93,10956.7217
1641283200000,3763.88,3781.88,3757.58,3770.12,10982.1712
1641279600000,3753.34,3764.53,3746.75,3763.87,5272.8543
1641276000000,3742.38,3755.9,3734.44,3753.33,5217.8403
1641272400000,3730.85,3748.03,3726.6,3742.39,5676.244
1641268800000,3744.04,3759.72,3729.5,3730.84,7159.7679
1641265200000,3725.82,3749.61,3718.89,3744.23,6563.9242
1641261600000,3732.26,3740.0,3713.11,3725.81,8839.3156
1641258000000,3743.11,3760.03,3728.1,3732.26,7623.7429
1641254400000,3765.89,3774.36,3736.94,3743.11,8719.5215
1641250800000,3751.99,3778.67,3745.68,3765.89,8416.4761
1641247200000,3723.52,3772.99,3722.22,3751.99,10594.7343
1641243600000,3699.02,3735.38,3693.32,3723.38,9569.7905
1641240000000,3738.39,3742.18,3680.0,3699.02,29787.7007
1641236400000,3752.39,3764.0,3738.26,3738.4,6231.0744
1641232800000,3761.66,3771.46,3745.0,3752.4,5843.6159
1641229200000,3748.67,3775.86,3742.43,3761.65,10081.629
1641225600000,3784.04,3795.0,3735.2,3748.93,19371.0489
1641222000000,3804.19,3814.11,3777.0,3784.04,16201.2909
1641218400000,3819.28,3853.09,3802.85,3804.19,16483.3257
1641214800000,3819.1,3830.43,3818.49,3819.29,5923.7388
1641211200000,3834.61,3838.51,3816.84,3819.1,7276.4538
1641207600000,3823.97,3845.0,3823.97,3834.61,9226.6499
1641204000000,3808.86,3830.7,3808.18,3823.97,9175.9663
1641200400000,3807.39,3818.3,3789.66,3808.86,9522.7019
1641196800000,3808.88,3821.99,3804.72,3807.4,5950.8314
1641193200000,3803.18,3811.0,3798.33,3808.88,5377.7832
1641189600000,3812.14,3817.02,3799.6,3803.17,5360.1207
1641186000000,3791.87,3822.99,3790.72,3812.13,8723.2902
1641182400000,3785.24,3799.73,3780.3,3791.87,5823.7729
1641178800000,3798.45,3806.36,3775.7,3785.0,7953.6351
1641175200000,3805.78,3806.68,3784.77,3798.45,9233.5562
1641171600000,3807.03,3810.7,3794.67,3805.78,6809.3533
1641168000000,3828.11,3828.79,3805.82,3807.03,7307.3185
1641164400000,3827.7,3840.02,3820.09,3828.27,6026.1116
1641160800000,3811.57,3833.33,3810.21,3827.7,4711.8086
1641157200000,3810.27,3827.8,3802.01,3811.57,4056.87
1641153600000,3799.0,3814.42,3794.24,3810.26,6164.3283
1641150000000,3795.06,3806.3,3784.2,3798.72,6647.9177
1641146400000,3823.82,3825.0,3771.91,3795.06,12193.3706
1641142800000,3838.63,3857.44,3811.1,3823.82,16148.5809
1641139200000,3778.17,3849.92,3778.08,3838.62,19488.0477
1641135600000,3752.6,3790.38,3751.79,3778.17,9828.9944
1641132000000,3745.29,3757.43,3743.0,3752.59,4998.8423
1641128400000,3753.95,3756.94,3739.86,3745.28,4588.9759
1641124800000,3744.06,3759.83,3730.33,3753.95,5411.3372
1641121200000,3743.17,3756.98,3741.02,3744.01,3543.5882
1641117600000,3753.49,3758.8,3740.0,3743.16,3436.4218
1641114000000,3744.0,3770.0,3738.17,3753.48,5684.8528
1641110400000,3747.22,3748.64,3732.39,3744.0,4211.9792
1641106800000,3738.52,3751.93,3734.2,3747.22,3462.824
1641103200000,3744.69,3749.98,3737.55,3738.52,3775.6677
1641099600000,3724.34,3745.74,3720.17,3744.69,4625.3465
1641096000000,3758.13,3761.92,3717.3,3724.34,7402.0298
1641092400000,3746.5,3760.87,3743.0,3758.55,3984.8703
1641088800000,3747.0,3753.36,3741.8,3746.5,3989.1066
1641085200000,3761.57,3763.66,3742.34,3747.0,4118.8931
1641081600000,3765.54,3771.0,3750.2,3761.58,6290.6611
1641078000000,3757.89,3774.9,3745.0,3765.54,4947.9699
1641074400000,3748.66,3764.15,3740.0,3757.89,3630.0868
1641070800000,3761.02,3776.0,3745.91,3748.65,7198.952
1641067200000,3747.6,3776.45,3740.35,3761.02,6487.7575
1641063600000,3752.58,3757.86,3736.0,3747.61,4873.0628
1641060000000,3760.76,3766.0,3740.0,3752.58,6665.3581
1641056400000,3727.61,3764.98,3727.24,3760.77,8926.8519
1641052800000,3725.29,3749.98,3718.71,3727.62,6785.1471
1641049200000,3697.04,3745.36,3693.22,3725.3,9380.2088
1641045600000,3710.04,3713.68,3691.88,3697.61,5365.4474
1641042000000,3716.28,3724.93,3706.32,3710.03,5715.5972
1641038400000,3693.38,3718.24,3693.37,3716.28,6595.553
1641034800000,3691.39,3712.19,3691.02,3693.37,4786.2173
1641031200000,3718.67,3731.88,3673.46,3691.39,10412.4737
1641027600000,3721.14,3730.0,3709.38,3718.67,4515.6636
1641024000000,3715.32,3733.84,3708.6,3721.4,4013.6403
1641020400000,3711.93,3724.93,3701.0,3715.31,6541.6499
1641016800000,3735.6,3742.67,3708.33,3711.92,5239.0026
1641013200000,3708.2,3765.27,3702.84,3735.61,9353.2056
1641009600000,3723.96,3728.07,3707.24,3708.21,6117.282
1641006000000,3728.41,3737.0,3721.84,3723.96,3543.1853
1641002400000,3724.88,3738.47,3722.23,3728.32,5028.4531
1640998800000,3723.04,3748.45,3714.1,3724.89,8997.7569
1640995200000,3676.22,3730.0,3676.22,3723.04,9023.374
1640991600000,3681.8,3697.9,3672.22,3676.23,6004.291
1640988000000,3688.12,3712.5,3673.55,3681.8,8131.409
1640984400000,3645.04,3701.85,3633.84,3688.41,13070.9293
1640980800000,3626.21,3663.87,3622.29,3645.04,12289.97
1640977200000,3704.43,3705.93,3623.0,3626.27,20055.4006
1640973600000,3722.04,3725.01,3695.16,3704.43,10462.2432
1640970000000,3745.49,3754.26,3705.0,3722.03,12687.8551
1640966400000,3784.64,3788.45,3739.57,3745.49,11399.4038
1640962800000,3793.64,3803.02,3773.44,3784.64,14107.4687
1640959200000,3791.69,3813.14,3785.99,3794.21,8011.0944
1640955600000,3793.7,3799.39,3785.0,3791.69,7109.4123
1640952000000,3780.92,3800.0,3775.94,3793.71,8118.2451
1640948400000,3773.76,3789.02,3769.0,3780.92,10002.4467
1640944800000,3795.49,3805.09,3763.0,3773.77,12854.9588
1640941200000,3799.76,3812.84,3785.81,3795.49,14369.4043
1640937600000,3721.88,3815.0,3714.0,3799.76,32029.4792
1640934000000,3738.46,3748.34,3687.0,3721.88,11817.6224
1640930400000,3740.18,3747.89,3725.49,3738.9,6345.7148
1640926800000,3745.91,3753.25,3737.0,3739.99,4910.5455
1640923200000,3742.77,3761.5,3737.0,3745.92,8685.194
1640919600000,3716.88,3747.44,3710.01,3742.78,7830.2907
1640916000000,3726.29,3726.8,3704.29,3716.88,6650.4058
1640912400000,3700.61,3740.12,3684.04,3726.29,8718.7759
1640908800000,3709.27,3734.0,3690.28,3700.6,12351.7336
1640905200000,3703.84,3717.26,3692.23,3709.27,8297.0767
1640901600000,3736.93,3737.71,3681.33,3703.83,6753.5304
1640898000000,3724.46,3742.92,3707.66,3736.93,7095.4022
1640894400000,3751.06,3760.0,3712.07,3724.78,8265.9312
1640890800000,3759.99,3769.1,3747.41,3751.06,7182.0528
1640887200000,3741.6,3764.66,3729.16,3759.99,8296.0904
1640883600000,3756.81,3758.85,3736.66,3741.59,7067.9276
1640880000000,3709.13,3762.08,3705.39,3756.8,12412.3054
1640876400000,3717.22,3729.73,3706.91,3708.74,8536.654
1640872800000,3717.29,3727.91,3701.03,3717.22,10241.373
1640869200000,3736.25,3740.0,3716.52,3717.28,8501.0106
1640865600000,3737.68,3750.0,3728.31,3736.25,14741.117
1640862000000,3699.0,3747.57,3689.95,3737.68,14818.8783
1640858400000,3684.56,3702.54,3678.79,3699.27,6425.6872
1640854800000,3691.79,3707.44,3680.68,3684.55,8053.0721
1640851200000,3709.0,3726.71,3690.02,3691.8,10759.1118
1640847600000,3696.55,3719.71,3684.87,3709.01,14342.496
1640844000000,3674.32,3705.44,3667.32,3696.49,10423.7672
1640840400000,3663.1,3676.27,3646.3,3674.32,7763.6787
1640836800000,3649.4,3682.42,3648.37,3663.48,7775.8714
1640833200000,3650.42,3664.78,3638.09,3649.41,9182.5743
1640829600000,3650.57,3653.0,3625.18,3650.42,11817.9866
1640826000000,3658.93,3668.53,3641.94,3650.58,9565.5926
1640822400000,3630.18,3670.67,3585.0,3658.93,30944.543
1640818800000,3722.63,3735.1,3604.2,3630.19,45873.2667
1640815200000,3726.75,3746.67,3710.01,3722.62,6308.9675
1640811600000,3746.22,3749.18,3706.0,3726.76,9026.1232
1640808000000,3725.69,3768.51,3718.07,3746.22,9488.2592
1640804400000,3753.65,3755.83,3712.84,3725.68,9801.4623
1640800800000,3754.47,3777.03,3745.0,3753.65,9586.1162
1640797200000,3784.33,3784.76,3748.87,3754.46,7197.7953
1640793600000,3795.05,3799.32,3770.42,3784.34,7866.3086
1640790000000,3782.15,3802.7,3772.38,3795.05,16265.0349
1640786400000,3756.64,3791.59,3739.77,3782.14,19397.0281
1640782800000,3727.85,3767.29,3696.65,3756.64,25965.4386
1640779200000,3790.9,3792.11,3721.87,3727.86,30662.511
1640775600000,3793.45,3798.69,3775.15,3790.96,6034.8681
1640772000000,3814.54,3821.96,3788.1,3793.44,8651.7308
1640768400000,3796.61,3825.5,3767.0,3814.54,15185.9336
1640764800000,3796.39,3808.49,3785.1,3796.61,9733.8577
1640761200000,3802.59,3805.69,3786.52,3796.39,8129.1685
1640757600000,3802.62,3809.07,3792.11,3802.59,7944.0145
1640754000000,3802.94,3811.98,3789.45,3802.62,7196.5967
1640750400000,3816.15,3821.77,3800.76,3802.95,6874.8228
1640746800000,3818.14,3827.78,3812.34,3816.15,7917.043
1640743200000,3801.13,3819.99,3798.2,3818.14,8360.3711
1640739600000,3818.06,3826.85,3795.83,3801.37,8991.6126
1640736000000,3792.75,3821.02,3785.0,3818.07,10295.3065
1640732400000,3810.61,3819.16,3790.0,3792.75,6659.4563
1640728800000,3807.03,3817.8,3792.47,3810.62,7172.0084
1640725200000,3827.18,3837.65,3804.09,3807.03,7472.4138
1640721600000,3807.96,3844.44,3791.23,3827.19,14356.0855
1640718000000,3800.01,3815.71,3759.36,3807.96,15786.9233
1640714400000,3827.54,3827.55,3785.0,3800.02,14896.397
1640710800000,3864.35,3866.18,3777.77,3827.47,36165.3785
1640707200000,3897.91,3902.17,3830.0,3864.35,23634.7431
1640703600000,3911.54,3922.86,3894.39,3897.9,8214.877
1640700000000,3908.8,3916.49,3850.14,3911.55,27909.3765
1640696400000,3907.35,3929.62,3902.86,3908.8,9310.694
1640692800000,3920.89,3932.28,3906.02,3907.35,8288.5119
1640689200000,3902.43,3923.39,3893.85,3920.9,9665.8382
1640685600000,3885.85,3908.14,3885.72,3902.43,12299.8781
1640682000000,3917.27,3922.55,3883.0,3886.28,13569.8719
1640678400000,3917.01,3933.98,3900.0,3917.28,12497.8718
1640674800000,3922.26,3929.77,3900.0,3917.0,10148.2065
1640671200000,3921.26,3935.05,3913.08,3922.25,8532.003
1640667600000,3911.77,3926.54,3900.08,3921.25,9969.2144
1640664000000,3960.71,3960.71,3877.0,3911.78,27887.173
1640660400000,3968.35,3968.35,3931.17,3960.7,13835.447
1640656800000,3982.35,3997.17,3956.69,3968.35,12858.327
1640653200000,4028.83,4028.83,3967.0,3982.34,21733.9291
1640649600000,4037.22,4037.23,4000.0,4028.83,25200.091
1640646000000,4063.12,4068.42,4031.0,4037.23,12714.3841
1640642400000,4059.69,4074.88,4044.02,4063.12,11583.9816
1640638800000,4091.32,4092.67,4056.49,4059.69,6407.9313
1640635200000,4077.78,4092.96,4070.0,4091.31,6519.7582
1640631600000,4097.77,4098.73,4074.96,4077.78,8547.4473
1640628000000,4115.58,4126.0,4092.61,4097.76,11029.4887
1640624400000,4090.54,4127.46,4087.71,4115.57,13662.0737
1640620800000,4092.74,4100.0,4077.54,4090.54,8669.775
1640617200000,4094.46,4115.0,4084.4,4092.73,11516.2474
1640613600000,4089.48,4101.99,4081.33,4094.46,12887.5997
1640610000000,4080.68,4100.0,4072.25,4089.48,13329.1535
1640606400000,4060.23,4094.99,4043.42,4080.67,14964.9206
1640602800000,4059.36,4065.97,4053.72,4060.22,5196.016
1640599200000,4052.72,4062.0,4050.05,4059.36,6228.0325
1640595600000,4037.44,4055.92,4032.52,4052.73,8118.3444
1640592000000,4051.02,4063.27,4031.8,4037.44,10159.8821
1640588400000,4068.86,4071.28,4048.0,4051.01,8542.0763
1640584800000,4061.87,4071.95,4055.0,4068.87,6620.996
1640581200000,4067.9,4068.94,4060.03,4061.87,6474.2664
1640577600000,4080.1,4080.45,4065.02,4067.91,7540.928
1640574000000,4070.68,4087.56,4068.23,4080.09,7800.2528
1640570400000,4074.55,4080.0,4064.97,4070.68,8910.2858
1640566800000,4061.21,4077.64,4047.37,4074.55,7538.9987
1640563200000,4063.57,4080.47,4058.0,4061.21,7262.536
1640559600000,4082.4,4091.81,4056.97,4063.56,8749.6982
1640556000000,4081.76,4094.54,4078.16,4082.39,5831.6804
1640552400000,4071.92,4105.0,4042.69,4081.94,13849.0799
1640548800000,4076.11,4084.01,4070.0,4071.92,5315.8364
1640545200000,4074.91,4081.0,4066.82,4076.1,4436.7204
1640541600000,4072.67,4079.0,4063.82,4074.92,5033.867
1640538000000,4069.5,4078.68,4062.44,4072.67,4515.2872
1640534400000,4053.84,4077.41,4048.23,4069.5,6688.6941
1640530800000,4050.35,4068.0,4045.06,4053.85,7658.1636
1640527200000,4042.0,4055.0,4035.02,4050.36,6656.5384
1640523600000,4044.72,4048.27,4034.38,4042.0,6175.3114
1640520000000,4033.2,4049.74,4021.39,4044.72,9196.2159
1640516400000,4048.58,4060.01,4012.0,4033.01,13050.111
1640512800000,4041.52,4051.81,4034.59,4048.58,5087.222
1640509200000,4032.11,4050.4,4029.47,4041.52,5663.5495
1640505600000,4037.28,4049.99,4027.2,4032.11,7857.7883
1640502000000,4027.28,4040.02,4020.0,4037.27,5083.2295
1640498400000,4027.19,4035.56,4017.66,4027.28,5452.4711
1640494800000,4022.9,4032.87,4017.24,4027.19,5268.481
1640491200000,4013.39,4030.82,4000.0,4022.9,11269.0239
1640487600000,4064.62,4064.95,4005.78,4013.21,20672.2004
1640484000000,4092.22,4095.93,4052.0,4064.62,11468.6461
1640480400000,4081.34,4102.44,4077.15,4092.22,6179.9655
1640476800000,4094.36,4098.54,4071.53,4081.34,8149.4738
1640473200000,4086.98,4108.0,4080.0,4094.83,7388.1422
1640469600000,4117.92,4120.55,4081.11,4086.97,8527.5649
1640466000000,4105.5,4137.91,4105.39,4117.96,15904.9222
1640462400000,4076.91,4113.73,4073.73,4105.5,9956.6206
1640458800000,4081.2,4085.7,4070.93,4076.89,3994.1981
1640455200000,4067.56,4094.22,4061.02,4081.19,8097.6492
1640451600000,4075.48,4079.52,4037.0,4067.56,20086.9616
1640448000000,4079.04,4100.0,4070.36,4075.47,11788.5701
1640444400000,4068.0,4081.0,4061.34,4079.04,6177.4868
1640440800000,4076.9,4079.05,4060.0,4068.0,6758.6592
1640437200000,4083.25,4083.45,4057.39,4076.89,8990.677
1640433600000,4051.74,4104.08,4049.84,4083.25,15628.7721
1640430000000,4033.68,4055.5,4027.32,4051.59,5704.6483
1640426400000,4046.94,4054.54,4021.94,4033.68,7882.1545
1640422800000,4057.53,4062.78,4045.01,4046.95,5323.6834
1640419200000,4052.91,4060.89,4042.33,4057.52,5452.1712
1640415600000,4057.63,4062.93,4043.68,4052.91,6046.2551
1640412000000,4045.02,4060.01,4019.02,4057.63,9039.7749
1640408400000,4040.65,4060.03,4040.49,4045.02,6603.2237
1640404800000,4038.7,4052.43,4035.0,4040.64,6414.2661
1640401200000,4029.19,4045.08,4027.0,4038.69,7178.5096
1640397600000,4053.67,4059.31,4029.18,4029.19,6425.5182
1640394000000,4065.43,4075.86,4040.99,4053.66,8429.3548
1640390400000,4046.35,4069.28,4018.62,4065.43,10327.0967
1640386800000,4053.91,4057.0,4017.17,4046.36,13615.6036
1640383200000,4065.54,4070.37,4036.17,4053.91,9828.2743
1640379600000,4069.43,4078.4,4056.71,4065.54,6402.5713
1640376000000,4078.28,4080.21,4039.07,4069.63,16185.1433
1640372400000,4120.35,4134.84,4073.07,4078.29,14724.22
1640368800000,4098.08,4125.0,4093.18,4120.29,9989.497
1640365200000,4086.06,4098.55,4071.0,4098.08,4330.5952
1640361600000,4094.23,4108.98,4073.31,4086.06,10505.414
1640358000000,4078.36,4095.11,4048.22,4094.23,13169.3703
1640354400000,4086.5,4113.5,4070.93,4078.36,11348.5821
1640350800000,4084.12,4110.03,4075.79,4086.51,8716.0142
1640347200000,4079.0,4087.49,4065.63,4084.11,7910.6141
1640343600000,4092.63,4118.05,4070.4,4079.0,11409.6673
1640340000000,4108.4,4109.45,4082.41,4092.63,6002.5507
1640336400000,4094.65,4112.0,4092.0,4108.46,6722.2361
1640332800000,4088.35,4115.01,4082.0,4094.65,8889.8895
1640329200000,4088.5,4097.73,4081.45,4088.67,6837.632
1640325600000,4089.8,4096.49,4060.94,4088.5,8196.1821
1640322000000,4089.55,4095.0,4075.69,4089.81,6195.9663
1640318400000,4092.02,4098.93,4088.65,4090.37,3425.5804
1640314800000,4098.86,4104.44,4074.0,4092.03,9130.3395
1640311200000,4122.12,4128.56,4098.36,4098.85,9773.3366
1640307600000,4106.49,4129.0,4103.27,4122.13,15260.2779
1640304000000,4111.41,4119.89,4094.28,4106.4,12263.6083
1640300400000,4094.54,4111.68,4085.22,4111.41,8902.9755
1640296800000,4112.61,4117.45,4093.43,4094.53,7106.4394
1640293200000,4121.5,4126.15,4089.08,4112.61,14388.3358
1640289600000,4133.64,4142.75,4102.28,4121.49,22865.9398
1640286000000,4094.09,4150.0,4088.4,4133.64,37778.6155
1640282400000,4044.16,4104.4,4044.15,4094.09,52333.5579
1640278800000,3985.99,4048.27,3984.07,4044.15,31321.4387
1640275200000,3950.64,3991.79,3945.58,3985.99,15793.1001
1640271600000,3940.69,3958.38,3937.94,3950.65,7887.9267
1640268000000,3947.54,3955.68,3925.54,3940.69,15376.0473
1640264400000,3944.23,3965.5,3943.6,3947.53,10538.2494
1640260800000,3934.31,3958.33,3925.01,3944.23,8235.1629
1640257200000,3943.68,3958.81,3921.24,3934.32,10741.6284
1640253600000,3930.39,3954.68,3914.47,3943.68,9489.5524
1640250000000,3930.53,3934.5,3905.01,3930.38,10044.3553
1640246400000,3911.6,3935.64,3893.23,3930.53,16369.917
1640242800000,3960.58,3963.52,3901.0,3911.6,14331.5136
1640239200000,3946.33,3962.68,3931.84,3960.29,8129.8927
1640235600000,3948.73,3965.34,3941.9,3946.32,6934.5648
1640232000000,3960.6,3972.0,3944.64,3948.73,6330.4508
1640228400000,3965.33,3970.15,3934.0,3960.59,9285.536
1640224800000,3955.36,4005.0,3945.17,3965.33,19496.6123
1640221200000,3940.1,3957.48,3925.45,3955.36,8677.0838
1640217600000,3979.51,3986.95,3910.1,3940.1,27848.9205
1640214000000,4001.33,4003.63,3973.35,3979.51,7375.504
1640210400000,4013.7,4019.7,3990.24,4001.34,6152.5583
1640206800000,4004.68,4019.55,3998.8,4013.7,10924.8381
1640203200000,3997.5,4012.8,3989.17,4004.69,7689.1261
1640199600000,3981.03,4000.74,3973.1,3997.5,8673.3937
1640196000000,3981.44,3993.54,3955.51,3981.02,9655.8678
1640192400000,4008.16,4015.52,3975.16,3981.44,9054.1253
1640188800000,4007.18,4033.32,3995.19,4008.16,17944.9177
1640185200000,3997.99,4008.27,3983.68,4007.24,9238.5165
1640181600000,3960.01,4010.22,3956.82,3998.38,13220.5505
1640178000000,3954.72,3975.45,3939.59,3960.0,20333.9376
1640174400000,4022.51,4031.07,3933.4,3954.73,47682.9819
1640170800000,4022.69,4033.99,4014.28,4022.51,8689.2967
1640167200000,4014.52,4027.34,4008.85,4022.7,10320.3069
1640163600000,4033.08,4039.07,4003.25,4014.52,12671.9904
1640160000000,4047.25,4063.07,4032.51,4033.21,10309.9167
1640156400000,4038.74,4060.0,4038.06,4047.24,8695.3766
1640152800000,4033.93,4049.36,4030.01,4038.74,8306.0635
1640149200000,4054.0,4055.0,4030.32,4033.92,9202.4113
1640145600000,4048.6,4056.53,4041.52,4053.99,13020.6107
1640142000000,4054.36,4062.94,4042.64,4048.6,11783.5321
1640138400000,4038.71,4074.87,4033.27,4054.36,18985.9859
1640134800000,3994.99,4041.0,3992.43,4038.71,12156.4571
1640131200000,4014.41,4026.84,3992.03,3995.0,11103.5422
1640127600000,4028.14,4042.77,4013.97,4014.15,10982.8786
1640124000000,4025.55,4030.01,4012.36,4028.14,7599.2598
1640120400000,4008.7,4035.49,4001.63,4025.51,8553.7021
1640116800000,4007.87,4029.16,3995.53,4009.11,10871.569
1640113200000,3986.39,4011.96,3982.0,4007.87,6018.2685
1640109600000,3991.06,3999.64,3981.83,3986.39,6335.0488
1640106000000,3996.87,4013.11,3983.52,3990.94,7996.4247
1640102400000,3978.6,4003.29,3972.01,3996.88,11548.2201
1640098800000,3997.29,4007.4,3959.66,3978.21,17429.4134
1640095200000,4009.87,4014.88,3983.19,3997.29,14204.0566
1640091600000,4017.07,4021.97,4001.8,4009.86,12358.6402
1640088000000,4025.32,4063.0,4009.0,4017.07,24272.1332
1640084400000,4019.22,4029.7,4015.96,4025.32,8926.5026
1640080800000,4018.01,4032.83,4012.21,4019.23,9750.9023
1640077200000,4018.85,4029.0,4007.57,4018.01,10580.322
1640073600000,4003.37,4037.73,3992.9,4018.86,19435.026
1640070000000,4013.46,4024.0,3995.51,4003.21,12511.4583
1640066400000,4011.22,4017.69,3989.32,4013.46,12017.3706
1640062800000,4031.12,4044.65,3998.29,4011.38,17269.8045
1640059200000,4007.48,4055.0,4007.22,4031.12,35118.5463
1640055600000,3919.37,4024.11,3916.56,4007.46,34218.3638
1640052000000,3930.9,3941.36,3913.21,3919.36,8980.3177
1640048400000,3940.11,3949.86,3914.77,3930.54,11715.118
1640044800000,3944.72,3982.0,3923.4,3940.46,22133.0082
1640041200000,3892.68,3955.22,3891.44,3944.73,28974.4876
1640037600000,3911.75,3927.59,3891.27,3892.68,9740.6649
1640034000000,3929.77,3968.23,3910.52,3911.75,23043.9239
1640030400000,3872.18,3944.44,3872.03,3928.76,22461.9299
1640026800000,3850.01,3883.63,3847.07,3872.19,14207.3324
1640023200000,3824.48,3857.34,3818.0,3850.01,8702.0572
1640019600000,3849.31,3860.0,3820.43,3824.47,10357.9858
1640016000000,3800.77,3849.31,3792.08,3849.3,14452.1264
1640012400000,3837.92,3841.56,3792.86,3800.77,14581.6721
1640008800000,3776.29,3848.21,3753.0,3837.92,36352.1114
1640005200000,3781.78,3810.78,3765.51,3775.71,10568.2256
1640001600000,3813.02,3814.14,3768.25,3781.44,14011.1735
1639998000000,3797.93,3819.32,3786.34,3813.02,8319.6557
1639994400000,3768.25,3820.97,3765.76,3797.93,12938.5405
1639990800000,3814.59,3817.95,3759.74,3768.24,20281.0025
1639987200000,3823.97,3835.0,3792.38,3814.59,10962.23
1639983600000,3852.65,3852.88,3807.56,3823.97,16727.9305
1639980000000,3847.29,3861.6,3828.0,3852.64,15256.0044
1639976400000,3926.0,3933.76,3837.29,3847.3,18185.8273
1639972800000,3906.62,3927.32,3901.3,3925.64,7266.2809
1639969200000,3927.96,3934.09,3890.0,3906.62,12274.5645
1639965600000,3932.11,3940.86,3913.34,3928.22,9244.5283
1639962000000,3947.41,3983.37,3918.09,3932.11,15309.7771
1639958400000,3924.14,3947.42,3892.05,3947.41,12696.4447
1639954800000,3977.81,3990.95,3911.61,3924.14,10730.3855
1639951200000,3920.25,3991.0,3913.15,3977.84,13513.3431
1639947600000,3917.12,3938.45,3910.76,3920.25,7001.6564
1639944000000,3914.05,3928.96,3896.51,3917.12,7016.0349
1639940400000,3931.76,3935.91,3884.0,3914.06,11984.885
1639936800000,3925.29,3935.79,3904.12,3932.02,7020.1
1639933200000,3924.08,3931.64,3905.59,3925.29,8853.3196
1639929600000,3927.25,3951.89,3918.05,3924.09,7721.6422
1639926000000,3942.68,3947.39,3920.05,3927.26,6372.9058
1639922400000,3963.62,3998.0,3915.0,3942.68,34880.9292
1639918800000,3941.22,3980.0,3908.67,3963.61,15777.2641
1639915200000,3925.36,3945.36,3898.21,3941.22,8066.4781
1639911600000,3923.25,3931.0,3900.0,3925.36,7674.9249
1639908000000,3942.59,3945.06,3897.6,3923.25,33988.3514
1639904400000,3969.02,3975.8,3940.0,3942.58,12812.1276
1639900800000,3976.99,3988.5,3962.49,3969.37,7749.2351
1639897200000,3970.52,3993.82,3965.33,3977.0,9107.2252
1639893600000,3988.06,3991.66,3968.76,3970.42,6337.5353
1639890000000,4009.01,4018.43,3982.72,3988.07,10496.5991
1639886400000,3988.58,4026.99,3988.58,4009.17,15535.0975
1639882800000,3942.92,4032.43,3942.65,3988.58,32526.8811
1639879200000,3904.56,3948.82,3898.87,3942.91,9857.4021
1639875600000,3941.91,3954.51,3884.89,3904.56,13208.0744
1639872000000,3959.93,3968.3,3931.12,3941.91,7773.9254
1639868400000,3972.56,3976.0,3945.01,3959.93,6703.0111
1639864800000,3975.76,3996.93,3964.56,3972.23,8905.385
1639861200000,3957.85,3977.8,3939.35,3975.75,8411.6176
1639857600000,3943.2,3963.38,3926.5,3957.86,7323.1513
1639854000000,3941.32,3952.28,3907.45,3943.2,9798.9836
1639850400000,3935.47,3947.44,3931.89,3941.32,4336.5142
1639846800000,3938.02,3954.22,3928.94,3935.47,8738.5546
1639843200000,3945.41,3967.86,3932.91,3938.02,11012.0061
1639839600000,3961.04,3979.4,3940.39,3945.41,8420.0849
1639836000000,3928.28,3971.88,3925.7,3961.03,12180.0671
1639832400000,3960.26,3966.84,3927.44,3928.28,10758.1185
1639828800000,3958.6,3983.39,3948.52,3960.43,10444.7323
1639825200000,3975.8,3982.0,3947.62,3958.13,13147.8901
1639821600000,3942.48,3994.68,3923.0,3975.81,36333.6472
1639818000000,3893.87,3942.62,3892.26,3942.49,12627.1329
1639814400000,3890.43,3917.77,3875.74,3893.86,11282.7742
1639810800000,3889.32,3903.91,3883.34,3890.43,7979.4335
1639807200000,3903.77,3937.0,3883.53,3889.58,14807.4325
1639803600000,3882.46,3932.04,3866.05,3903.77,18479.5918
1639800000000,3877.24,3890.0,3840.0,3882.46,14168.4756
1639796400000,3789.75,3906.15,3789.07,3877.23,29741.1142
1639792800000,3784.93,3821.21,3767.01,3789.76,14254.142
1639789200000,3879.45,3885.41,3782.46,3784.94,33358.0742
1639785600000,3875.43,3886.89,3829.05,3879.46,26381.3198
1639782000000,3901.17,3903.0,3868.44,3875.42,8152.8854
1639778400000,3905.62,3911.39,3822.66,3901.16,20516.2946
1639774800000,3844.49,3941.37,3832.41,3905.63,17092.8815
1639771200000,3881.31,3891.54,3841.42,3844.48,12634.0298
1639767600000,3902.57,3918.8,3874.9,3881.3,12432.9178
1639764000000,3857.97,3912.13,3850.69,3902.57,13216.4802
1639760400000,3909.56,3910.39,3840.31,3858.51,16243.3069
1639756800000,3834.55,3945.0,3827.17,3909.56,43906.9826
1639753200000,3737.91,3843.75,3702.57,3834.55,45639.4299
1639749600000,3816.76,3820.85,3700.0,3737.91,56115.9151
1639746000000,3822.85,3840.41,3805.0,3816.76,13699.2854
1639742400000,3834.36,3850.7,3796.0,3822.86,18954.8526
1639738800000,3819.48,3853.98,3810.54,3834.36,13793.0358
1639735200000,3878.91,3880.99,3806.0,3819.48,22599.4009
1639731600000,3888.66,3889.51,3854.68,3878.92,12310.957
1639728000000,3881.55,3896.1,3872.39,3888.66,13562.9152
1639724400000,3935.0,3935.0,3852.0,3881.54,54443.6717
1639720800000,3958.7,3960.45,3931.28,3935.0,8884.4244
1639717200000,3978.76,3981.54,3944.89,3958.9,11901.7729
1639713600000,3967.73,3988.69,3966.06,3978.75,7412.8813
1639710000000,3976.44,3976.44,3952.18,3968.03,7819.5149
1639706400000,3982.64,3985.46,3952.51,3976.44,7532.5657
1639702800000,3977.73,3994.1,3964.99,3982.64,8062.803
1639699200000,3959.11,3988.08,3930.0,3977.83,16441.7179
1639695600000,4007.82,4009.06,3942.11,3958.11,17429.3152
1639692000000,4030.4,4036.9,3966.0,4007.82,13260.3884
1639688400000,4018.2,4038.05,4014.6,4030.29,6280.5316
1639684800000,3996.81,4047.9,3993.64,4017.67,14404.4739
1639681200000,4025.81,4036.79,3980.0,3996.82,19928.2638
1639677600000,4034.74,4063.46,4011.25,4025.63,13617.3336
1639674000000,4079.99,4080.58,4033.82,4034.74,19469.4493
1639670400000,4081.3,4110.53,4056.61,4079.8,33843.7015
1639666800000,4065.17,4113.43,4040.49,4082.0,31601.4637
1639663200000,4077.24,4090.0,4048.33,4065.16,13905.8813
1639659600000,4031.0,4094.78,4005.95,4077.23,21856.6582
1639656000000,4069.99,4077.89,4026.36,4031.0,16730.5042
1639652400000,4050.6,4083.26,4018.2,4069.63,19360.2992
1639648800000,4043.61,4057.8,4035.0,4050.61,12135.5979
1639645200000,4028.96,4046.72,4026.65,4043.6,7549.1422
1639641600000,4021.69,4039.9,4013.49,4028.95,10007.1768
1639638000000,4020.56,4047.96,4009.3,4021.68,14106.9215
1639634400000,3985.31,4022.5,3978.46,4020.57,10202.8926
1639630800000,4009.19,4024.34,3982.92,3985.49,9828.736
1639627200000,4018.09,4024.88,3995.16,4009.18,8339.9965
1639623600000,4030.2,4039.3,4005.89,4018.08,12834.9929
1639620000000,4050.28,4052.8,4026.0,4030.2,7770.2125
1639616400000,4042.79,4051.72,4027.0,4050.28,10403.3089
1639612800000,4019.54,4058.47,4014.37,4042.79,23912.7893
1639609200000,4000.9,4031.09,4000.46,4019.08,15900.9736
1639605600000,4061.57,4069.14,3991.3,4000.9,16898.5771
1639602000000,4055.0,4091.11,4037.89,4061.56,22202.3571
1639598400000,3969.37,4092.22,3966.01,4055.0,62709.887
1639594800000,3809.81,3986.8,3759.06,3969.54,120280.9628
1639591200000,3728.65,3840.45,3719.51,3809.82,28515.7461
1639587600000,3714.76,3742.0,3693.28,3728.65,16550.8965
1639584000000,3659.38,3719.73,3643.73,3715.17,27289.7316
1639580400000,3778.21,3787.42,3653.41,3659.38,43301.0941
1639576800000,3819.41,3826.02,3765.0,3778.21,15764.7982
1639573200000,3810.0,3833.09,3805.41,3819.41,10728.7549
1639569600000,3851.12,3871.91,3808.77,3810.01,16633.8392
1639566000000,3862.12,3877.18,3843.0,3851.12,10643.5189
1639562400000,3878.83,3888.0,3854.24,3861.89,11267.1427
1639558800000,3888.93,3891.06,3868.08,3878.83,7783.857
1639555200000,3863.67,3900.0,3862.44,3888.93,17410.8531
1639551600000,3852.1,3872.82,3840.0,3863.68,9194.9102
1639548000000,3850.6,3876.0,3848.89,3852.11,10552.1981
1639544400000,3856.22,3864.52,3836.31,3850.59,9493.6615
1639540800000,3847.45,3895.92,3824.25,3856.22,20663.2252
1639537200000,3827.19,3848.2,3818.05,3847.45,8096.7705
1639533600000,3835.51,3838.83,3803.2,3827.19,11378.795
1639530000000,3849.18,3849.4,3818.8,3835.52,10721.9595
1639526400000,3858.99,3896.0,3845.0,3849.17,18083.5474
1639522800000,3838.22,3875.0,3820.0,3858.99,11153.7118
1639519200000,3851.03,3862.71,3819.74,3838.22,9815.23
1639515600000,3834.37,3882.74,3828.5,3851.29,20222.5204
1639512000000,3768.74,3857.01,3768.06,3833.95,23006.8082
1639508400000,3747.94,3783.0,3746.84,3768.74,9061.7609
1639504800000,3760.22,3783.07,3723.54,3747.95,14903.8599
1639501200000,3764.63,3800.0,3756.36,3760.22,8534.5337
1639497600000,3785.95,3802.62,3746.86,3764.63,17858.1075
1639494000000,3817.43,3835.0,3768.01,3785.95,18823.9107
1639490400000,3795.01,3820.88,3763.01,3817.38,15752.2492
1639486800000,3823.34,3842.29,3770.22,3795.01,19547.5179
1639483200000,3839.2,3865.09,3823.13,3823.34,30405.0282
1639479600000,3816.84,3844.7,3794.92,3839.2,18355.4221
1639476000000,3767.87,3819.05,3762.41,3816.84,14510.1208
1639472400000,3817.62,3823.71,3764.1,3767.89,14291.373
1639468800000,3783.28,3823.79,3782.23,3817.93,22895.1813
1639465200000,3725.67,3785.29,3725.65,3783.29,18881.097
1639461600000,3735.16,3756.26,3685.0,3725.67,25147.3735
1639458000000,3771.16,3785.0,3731.77,3735.37,14366.0226
1639454400000,3775.13,3795.75,3762.97,3771.17,11394.9558
1639450800000,3781.49,3798.93,3755.68,3775.14,12314.9619
1639447200000,3782.93,3789.81,3750.0,3781.49,10427.8731
1639443600000,3815.02,3819.51,3765.63,3782.94,11123.8708
1639440000000,3781.92,3833.0,3763.97,3815.01,22352.2559
1639436400000,3792.62,3805.0,3772.8,3781.93,12581.5029
1639432800000,3768.39,3813.26,3754.34,3792.63,19036.8845
1639429200000,3755.31,3779.93,3713.06,3768.4,25262.2311
1639425600000,3765.8,3785.01,3722.36,3755.31,27075.5635
1639422000000,3823.1,3823.19,3671.45,3765.8,69439.3687
1639418400000,3828.29,3838.12,3813.12,3822.83,10702.9573
1639414800000,3809.1,3875.12,3801.62,3828.29,26848.3025
1639411200000,3810.99,3832.68,3760.11,3809.11,40668.0072
1639407600000,3920.53,3921.09,3764.12,3810.99,73583.6751
1639404000000,3974.17,3974.74,3901.15,3920.54,33012.5845
1639400400000,3989.76,3997.65,3959.42,3974.16,13619.0755
1639396800000,4011.26,4021.59,3985.27,3989.77,7906.7248
1639393200000,3994.1,4015.0,3987.0,4011.25,6508.9229
1639389600000,3998.63,4009.37,3978.17,3994.1,7161.2313
1639386000000,4019.16,4019.76,3987.69,3998.63,6893.9711
1639382400000,3987.08,4032.0,3950.27,4019.16,19160.1677
1639378800000,3989.23,4008.99,3972.36,3987.07,13534.9233
1639375200000,4039.92,4039.92,3982.0,3989.22,14406.7573
1639371600000,4017.75,4046.99,3990.0,4039.91,13992.9798
1639368000000,3996.32,4022.0,3988.0,4017.75,8220.5862
1639364400000,3981.46,4009.36,3971.06,3996.32,8449.4513
1639360800000,3969.03,3996.61,3953.89,3981.47,14401.7134
1639357200000,4067.37,4068.46,3966.0,3969.03,41083.4035
1639353600000,4130.0,4142.75,4053.1,4067.36,19916.2453
1639350000000,4154.32,4168.47,4123.03,4130.0,9419.2771
1639346400000,4123.04,4155.38,4114.23,4154.31,6708.8209
1639342800000,4147.89,4155.94,4116.05,4123.04,10894.4887
1639339200000,4139.58,4173.63,4137.56,4147.89,9847.1749
1639335600000,4148.86,4169.95,4137.65,4139.31,15053.3952
1639332000000,4085.23,4158.02,4085.22,4148.85,30389.6976
1639328400000,4044.28,4088.68,4043.89,4085.22,21288.6581
1639324800000,4024.67,4044.28,4015.85,4044.28,6454.1302
1639321200000,4047.41,4050.76,4015.58,4024.68,6968.7393
1639317600000,4044.86,4056.0,4024.94,4047.4,12340.3295
1639314000000,4034.91,4055.31,4022.72,4044.86,9956.7583
1639310400000,4036.09,4060.0,4025.82,4034.91,13303.3828
1639306800000,4012.64,4057.72,4005.13,4036.09,10856.6707
1639303200000,4004.2,4017.28,3986.25,4012.64,7571.5477
1639299600000,4011.22,4028.0,3992.42,4004.2,8280.7982
1639296000000,4055.9,4059.95,3996.4,4011.22,11132.8116
1639292400000,4055.22,4063.47,4043.62,4055.9,5602.142
1639288800000,4037.24,4059.83,4034.18,4055.22,6756.2894
1639285200000,4014.17,4050.11,4012.42,4037.23,7705.2618
1639281600000,4042.76,4047.5,4006.02,4014.18,10597.8992
1639278000000,4033.61,4055.53,4031.55,4042.76,5402.1087
1639274400000,4036.35,4053.83,4026.95,4033.62,7741.283
1639270800000,4060.27,4073.84,4029.79,4036.35,13393.1077
1639267200000,4089.68,4097.27,4051.4,4060.27,12870.7431
1639263600000,4023.86,4093.0,4017.11,4089.37,17394.5524
1639260000000,4027.39,4068.24,4009.0,4023.87,8891.7
1639256400000,4013.91,4030.4,3977.74,4027.39,9598.5058
1639252800000,4002.29,4036.35,4001.76,4013.91,6101.4253
1639249200000,4038.08,4047.95,4000.0,4004.01,8702.8607
1639245600000,4044.86,4053.5,4024.0,4038.08,6512.9977
1639242000000,4074.84,4078.74,4033.8,4044.86,9174.3311
1639238400000,4058.01,4097.08,4045.3,4074.84,21109.0904
1639234800000,4028.5,4060.05,4023.43,4058.08,11155.1087
1639231200000,4010.68,4035.14,3990.04,4028.68,8494.1969
1639227600000,4038.14,4063.65,3996.16,4010.68,17260.1992
1639224000000,4014.0,4049.0,4008.0,4038.15,8290.7071
1639220400000,4021.47,4034.09,4004.57,4013.99,7597.199
1639216800000,4013.21,4036.72,4001.0,4021.47,8957.7828
1639213200000,4021.59,4023.04,3970.7,4013.2,23069.1786
1639209600000,3978.11,4086.9,3964.61,4021.36,57409.356
1639206000000,3959.99,3990.73,3929.58,3977.79,26425.2848
1639202400000,4031.16,4071.57,3956.72,3959.99,37451.8687
1639198800000,4032.28,4047.98,4018.12,4031.17,7736.7449
1639195200000,4008.53,4048.55,4008.53,4032.28,10353.2444
1639191600000,3990.01,4041.0,3981.46,4008.53,19987.9412
1639188000000,3969.37,3996.54,3954.3,3990.02,8608.0846
1639184400000,3940.09,4003.75,3928.69,3969.38,18760.015
1639180800000,3898.31,3992.21,3828.22,3940.09,68811.059
1639177200000,3960.46,3982.35,3887.37,3897.94,53069.7693
1639173600000,3994.6,4006.71,3951.12,3960.67,9270.6912
1639170000000,4050.83,4057.75,3985.73,3994.61,12708.8183
1639166400000,4016.07,4051.3,4013.0,4050.84,12973.3175
1639162800000,3984.09,4032.88,3968.12,4016.56,16453.3136
1639159200000,3971.06,4023.57,3961.68,3983.21,19704.677
1639155600000,3977.84,3987.91,3929.67,3971.06,24367.6052
1639152000000,4022.91,4023.09,3943.27,3977.84,54456.8747
1639148400000,4032.61,4089.03,3985.0,4022.9,55381.3138
1639144800000,4204.44,4219.12,4011.0,4033.0,55610.8884
1639141200000,4170.71,4231.08,4135.26,4204.44,33559.6216
1639137600000,4156.67,4193.3,4150.33,4170.71,22939.4799
1639134000000,4090.47,4170.53,4086.0,4156.82,21711.0902
1639130400000,4101.67,4129.92,4086.31,4090.48,12222.7293
1639126800000,4073.73,4109.03,4057.0,4101.66,12626.6413
1639123200000,4031.35,4084.4,4021.49,4073.73,13711.4756
1639119600000,4068.35,4083.0,4021.49,4031.01,27581.3756
1639116000000,4120.86,4141.19,4060.68,4067.65,19753.1573
1639112400000,4126.58,4144.0,4102.61,4120.85,11933.056
1639108800000,4140.78,4164.33,4123.71,4126.58,8775.9644
1639105200000,4165.89,4171.36,4123.76,4140.86,8236.2859
1639101600000,4155.59,4185.83,4138.1,4165.89,11312.5809
1639098000000,4119.37,4173.49,4098.0,4155.59,15244.4742
1639094400000,4105.64,4199.87,4100.0,4119.36,29631.3659
1639090800000,4166.82,4187.77,4103.48,4105.64,13122.1677
1639087200000,4164.34,4202.76,4138.97,4166.82,14961.8299
1639083600000,4123.3,4177.71,4108.84,4164.33,16040.5598
1639080000000,4122.46,4131.25,4076.16,4123.3,23691.0941
1639076400000,4123.5,4166.27,4120.63,4122.46,18014.3567
1639072800000,4163.24,4178.15,4100.0,4123.49,37214.3579
1639069200000,4205.13,4227.94,4160.0,4163.04,15077.5102
1639065600000,4201.36,4234.63,4175.28,4205.13,25839.8439
1639062000000,4233.59,4254.61,4137.91,4201.35,48901.0974
1639058400000,4298.57,4312.81,4227.4,4233.4,24823.3001
1639054800000,4306.2,4308.16,4271.01,4298.57,12168.3852
1639051200000,4304.03,4323.6,4264.86,4306.21,18664.704
1639047600000,4312.53,4318.0,4284.33,4304.04,10199.4266
1639044000000,4314.29,4319.95,4271.0,4312.53,15612.5281
1639040400000,4343.68,4344.96,4283.87,4314.07,25669.7867
1639036800000,4379.22,4379.22,4307.25,4343.95,19596.7286
1639033200000,4377.78,4410.0,4339.45,4379.22,18790.1833
1639029600000,4372.6,4389.28,4355.92,4377.78,9805.5465
1639026000000,4391.58,4393.25,4368.27,4372.9,6350.1641
1639022400000,4358.85,4392.94,4353.48,4391.58,11196.0982
1639018800000,4394.5,4399.9,4350.8,4359.41,14259.7267
1639015200000,4410.85,4420.14,4370.0,4394.49,18130.4153
1639011600000,4433.29,4442.01,4403.73,4410.59,13421.4637
1639008000000,4436.91,4488.0,4428.83,4433.29,30622.4363
1639004400000,4388.91,4438.88,4382.81,4436.91,10750.1282
1639000800000,4415.32,4442.0,4373.85,4388.91,13996.2412
1638997200000,4409.0,4425.1,4386.02,4415.32,11938.5942
1638993600000,4381.37,4420.4,4371.56,4409.0,10016.441
1638990000000,4397.74,4419.8,4370.8,4381.37,12083.2885
1638986400000,4375.93,4410.82,4360.0,4397.73,11169.0557
1638982800000,4405.0,4411.54,4366.99,4375.93,9970.5314
1638979200000,4403.22,4422.0,4365.39,4405.0,23527.407
1638975600000,4409.48,4450.49,4392.88,4403.22,27368.2783
1638972000000,4292.84,4442.76,4285.29,4409.47,53455.2546
1638968400000,4289.18,4315.48,4271.25,4292.84,19534.6245
1638964800000,4267.27,4291.37,4222.95,4289.18,18740.7767
1638961200000,4270.02,4291.74,4228.03,4267.27,27413.2204
1638957600000,4318.22,4347.62,4262.23,4270.02,26907.0424
1638954000000,4365.0,4386.4,4315.5,4318.22,20725.6302
1638950400000,4367.32,4390.0,4350.0,4365.0,11252.5982
1638946800000,4367.5,4374.44,4342.49,4367.31,11789.8366
1638943200000,4324.29,4379.03,4319.4,4367.5,22508.5195
1638939600000,4319.22,4342.5,4308.54,4324.29,10334.6539
1638936000000,4293.57,4322.22,4293.08,4319.22,11091.4321
1638932400000,4292.45,4331.94,4275.06,4293.57,20455.565
1638928800000,4311.18,4336.15,4289.5,4292.45,13151.4086
1638925200000,4328.31,4347.64,4305.31,4311.17,10883.5788
1638921600000,4306.4,4344.19,4281.04,4328.3,20339.8281
1638918000000,4269.63,4315.05,4255.92,4306.4,11102.6357
1638914400000,4289.17,4308.34,4258.78,4269.64,10713.0857
1638910800000,4286.5,4324.79,4273.51,4288.61,11811.1019
1638907200000,4313.19,4329.8,4257.42,4286.49,18863.8441
1638903600000,4312.49,4327.0,4280.0,4313.19,11065.5223
1638900000000,4321.52,4335.0,4303.43,4312.49,10750.047
1638896400000,4357.17,4357.68,4283.74,4321.53,20396.1028
1638892800000,4386.59,4405.0,4320.99,4357.0,20415.5299
1638889200000,4399.75,4417.87,4375.34,4386.59,20830.372
1638885600000,4341.2,4399.92,4332.39,4399.75,16738.707
1638882000000,4359.0,4377.94,4332.35,4341.2,15981.8449
1638878400000,4408.42,4416.52,4330.59,4359.0,30459.991
1638874800000,4400.73,4425.0,4386.49,4408.33,16202.8135
1638871200000,4393.73,4406.35,4375.48,4400.73,12184.0857
1638867600000,4407.71,4421.56,4382.27,4393.73,21877.8389
1638864000000,4352.91,4418.76,4346.24,4407.72,28925.6895
1638860400000,4361.99,4385.22,4335.48,4352.9,16267.7731
1638856800000,4344.35,4369.35,4342.36,4361.98,15086.6007
1638853200000,4347.15,4365.78,4333.43,4344.36,14687.4118
1638849600000,4341.56,4361.5,4330.0,4347.16,13419.1105
1638846000000,4312.79,4348.68,4310.34,4341.57,14747.092
1638842400000,4337.39,4350.82,4298.59,4312.79,21029.6248
1638838800000,4342.26,4386.91,4317.44,4337.4,25872.2803
1638835200000,4347.57,4365.43,4324.52,4342.27,21320.6459
1638831600000,4334.14,4358.03,4302.0,4347.59,23320.2059
1638828000000,4317.74,4376.15,4317.21,4334.13,34811.6894
1638824400000,4199.52,4349.6,4198.49,4318.04,53066.3327
1638820800000,4194.29,4231.59,4183.74,4199.52,21218.3596
1638817200000,4183.69,4219.01,4183.68,4194.29,24290.7146
1638813600000,4174.91,4189.22,4150.52,4183.68,16698.5057
1638810000000,4169.29,4199.0,4157.25,4174.91,29535.0767
1638806400000,4125.41,4171.83,4096.38,4169.29,32226.3284
1638802800000,4018.04,4128.55,4000.0,4125.41,38853.9242
1638799200000,4045.42,4072.0,3983.18,4017.85,29625.4393
1638795600000,4050.71,4089.13,4017.3,4045.42,24779.6871
1638792000000,4044.42,4086.67,4019.22,4050.71,33283.9398
1638788400000,3946.98,4075.65,3931.18,4044.41,57547.4803
1638784800000,3960.69,3998.9,3921.0,3946.97,40239.9959
1638781200000,4045.39,4068.63,3924.23,3960.68,43700.4812
1638777600000,4071.99,4149.2,3986.62,4045.39,71677.4826
1638774000000,4074.52,4078.25,4014.5,4071.98,31616.4209
1638770400000,4134.23,4152.59,4068.85,4074.52,18546.9798
1638766800000,4166.06,4180.95,4133.34,4134.24,10575.4981
1638763200000,4168.09,4195.78,4151.54,4166.05,16139.0529
1638759600000,4148.31,4189.0,4145.46,4168.09,17408.9688
1638756000000,4142.37,4166.72,4133.0,4148.32,14152.0393
1638752400000,4130.79,4163.85,4101.0,4142.37,17866.7329
1638748800000,4196.44,4202.16,4103.66,4131.1,25561.6277
1638745200000,4161.0,4204.27,4146.54,4196.44,19101.2583
1638741600000,4142.41,4163.0,4113.4,4161.01,12669.7669
1638738000000,4133.92,4152.19,4098.0,4142.62,12157.5391
1638734400000,4138.42,4155.98,4106.95,4133.92,10023.2438
1638730800000,4146.34,4150.36,4095.84,4138.41,14725.5578
1638727200000,4154.04,4178.0,4134.31,4146.34,11589.7725
1638723600000,4107.71,4165.0,4085.72,4154.04,22105.4165
1638720000000,4070.07,4138.45,4063.36,4107.71,43929.3894
1638716400000,4140.07,4161.74,4031.39,4070.07,62308.0778
1638712800000,4200.78,4205.91,4127.05,4140.5,35590.469
1638709200000,4231.93,4231.94,4195.35,4200.78,14859.8934
1638705600000,4194.11,4248.19,4182.68,4231.93,23361.1199
1638702000000,4191.55,4216.13,4177.0,4194.11,12660.9577
1638698400000,4185.63,4221.7,4171.69,4191.54,15098.747
1638694800000,4213.46,4213.8,4161.0,4185.64,20510.6071
1638691200000,4199.52,4217.92,4171.4,4213.46,18874.5306
1638687600000,4218.05,4229.63,4179.29,4199.52,24872.7
1638684000000,4200.95,4226.44,4185.02,4218.04,23668.2866
1638680400000,4158.73,4210.0,4146.54,4200.95,19884.0168
1638676800000,4162.81,4187.0,4139.81,4158.73,16899.5615
1638673200000,4108.76,4179.56,4091.83,4162.8,24476.2891
1638669600000,4102.02,4121.08,4078.62,4108.77,14632.2077
1638666000000,4111.6,4132.05,4077.18,4102.02,17074.5123
1638662400000,4117.25,4160.18,4064.2,4111.61,45251.5205
1638658800000,4094.61,4126.89,4057.62,4117.25,17694.5548
1638655200000,4063.26,4103.0,4057.64,4094.49,10241.7901
1638651600000,4100.78,4108.79,4033.0,4063.24,17633.7434
1638648000000,4117.37,4128.56,4088.35,4100.78,17664.785
1638644400000,4065.04,4135.56,4050.81,4117.36,24482.1714
1638640800000,4016.32,4065.5,4004.05,4065.04,17349.8497
1638637200000,3986.85,4030.95,3982.02,4016.32,17673.0714
1638633600000,4036.55,4051.28,3975.46,3986.68,32436.7343
1638630000000,4027.76,4070.0,4018.04,4036.54,46273.7364
1638626400000,3964.9,4029.0,3951.0,4027.76,39392.5038
1638622800000,3910.61,3967.1,3893.74,3964.9,30644.1204
1638619200000,3866.35,3968.01,3866.35,3910.34,33773.8177
1638615600000,3917.64,3922.94,3823.98,3866.36,34899.2958
1638612000000,3931.66,3956.26,3872.04,3917.27,33477.5916
1638608400000,3938.2,3949.4,3898.72,3931.66,28168.5416
1638604800000,3893.51,3982.13,3880.19,3938.22,53557.8697
1638601200000,3899.51,3905.78,3808.65,3893.51,59273.5708
1638597600000,3846.47,3932.22,3789.94,3899.51,105561.7376
1638594000000,4018.62,4038.29,3503.68,3846.47,309375.8464
1638590400000,4058.12,4118.35,3979.64,4018.62,75484.1208
1638586800000,4168.2,4168.73,4055.0,4058.12,35276.933
1638583200000,4170.67,4185.48,4129.21,4168.21,19056.0066
1638579600000,4166.71,4191.74,4121.66,4170.67,29301.0939
1638576000000,4215.01,4238.59,4151.02,4166.11,23079.6589
1638572400000,4197.65,4249.95,4197.63,4215.73,12802.7594
1638568800000,4213.01,4248.06,4178.03,4197.66,18569.2769
1638565200000,4209.61,4288.11,4200.0,4213.01,33223.347
1638561600000,4228.82,4228.82,4032.5,4209.6,111324.1323
1638558000000,4323.57,4325.62,4182.78,4228.81,49137.6845
1638554400000,4353.01,4364.63,4274.38,4323.57,29411.3133
1638550800000,4343.8,4364.0,4300.66,4352.18,55261.1928
1638547200000,4468.14,4468.74,4319.15,4343.79,93325.0138
1638543600000,4521.62,4527.58,4456.41,4468.15,38194.5548
1638540000000,4598.45,4601.86,4516.33,4521.62,23853.0579
1638536400000,4595.16,4654.88,4567.44,4598.81,30838.9078
1638532800000,4612.07,4628.84,4587.86,4595.16,12805.2172
1638529200000,4575.16,4614.21,4575.14,4612.08,11692.2058
1638525600000,4578.03,4617.67,4569.99,4575.39,19341.7662
1638522000000,4559.64,4583.0,4549.0,4578.03,9328.2949
1638518400000,4568.56,4574.63,4545.0,4559.63,8211.4074
1638514800000,4580.07,4584.03,4544.15,4568.57,9840.3208
1638511200000,4570.91,4592.82,4556.73,4580.07,17279.6572
1638507600000,4530.93,4574.74,4515.25,4570.91,24478.9674
1638504000000,4493.0,4543.16,4490.14,4530.93,22606.997
1638500400000,4489.97,4522.47,4478.68,4493.15,14659.5425
1638496800000,4515.15,4527.47,4470.0,4490.0,13649.0119
1638493200000,4515.86,4535.62,4498.44,4515.16,9311.8075
1638489600000,4511.35,4547.56,4505.97,4515.85,8828.4296
1638486000000,4542.55,4553.5,4501.67,4511.21,9799.1119
1638482400000,4543.65,4558.11,4521.73,4542.56,7833.697
1638478800000,4536.55,4553.04,4519.07,4543.99,9632.4923
1638475200000,4488.92,4540.16,4470.5,4536.56,18550.0904
1638471600000,4480.48,4505.5,4473.77,4489.24,14051.2213
1638468000000,4492.93,4495.0,4433.0,4480.47,17651.0613
1638464400000,4483.74,4507.73,4475.51,4492.93,14788.2028
1638460800000,4543.05,4556.01,4456.03,4483.74,30403.9669
1638457200000,4590.12,4634.83,4499.3,4543.06,45274.6327
1638453600000,4532.57,4596.0,4505.41,4590.12,25802.2283
1638450000000,4536.12,4542.88,4480.0,4532.56,15850.7727
1638446400000,4531.25,4549.28,4499.93,4536.53,17620.8944
1638442800000,4555.92,4563.18,4495.37,4531.25,22268.6531
1638439200000,4578.37,4592.5,4538.02,4555.91,15415.9743
1638435600000,4585.15,4599.42,4548.45,4578.37,13106.3349
1638432000000,4560.11,4598.79,4555.0,4585.14,14311.8433
1638428400000,4536.54,4584.88,4534.41,4560.11,13918.7466
1638424800000,4525.0,4537.47,4502.0,4536.54,10104.9877
1638421200000,4509.33,4546.2,4503.73,4525.0,11999.9609
1638417600000,4491.02,4520.06,4484.44,4509.33,15482.0292
1638414000000,4576.79,4577.18,4451.0,4490.98,56591.87
1638410400000,4611.0,4616.63,4561.0,4576.79,14564.7778
1638406800000,4578.06,4621.35,4547.96,4611.0,19124.3
1638403200000,4582.95,4585.79,4537.71,4578.06,17714.1047
1638399600000,4564.59,4593.74,4556.56,4582.95,11897.4665
1638396000000,4565.86,4591.37,4523.99,4564.58,15670.0167
1638392400000,4566.5,4595.32,4532.96,4565.86,26434.593
1638388800000,4659.78,4661.99,4557.06,4566.5,27268.1795
1638385200000,4648.6,4676.31,4596.42,4660.58,22976.624
1638381600000,4674.38,4692.14,4640.44,4648.6,13872.7647
1638378000000,4697.1,4709.95,4673.0,4674.37,15543.8992
1638374400000,4725.58,4758.0,4693.01,4697.1,15153.5574
1638370800000,4740.44,4761.41,4711.41,4725.57,16220.0159
1638367200000,4677.27,4758.72,4676.0,4740.44,25884.0553
1638363600000,4665.67,4720.0,4660.96,4676.76,17742.3636
1638360000000,4672.85,4720.63,4654.39,4665.67,21153.1386
1638356400000,4720.53,4729.46,4651.46,4672.86,25089.2202
1638352800000,4739.24,4748.1,4699.04,4720.53,13371.2767
1638349200000,4706.07,4747.65,4682.0,4739.24,18077.6527
1638345600000,4766.69,4769.51,4691.25,4706.08,36157.7396
1638342000000,4726.39,4778.75,4715.0,4766.69,24298.2635
1638338400000,4701.93,4744.68,4683.85,4726.39,17422.5821
1638334800000,4726.86,4736.43,4695.99,4701.93,15805.4076
1638331200000,4759.37,4762.73,4712.22,4726.85,18072.6271
1638327600000,4748.92,4769.07,4716.54,4759.37,27490.5019
1638324000000,4690.56,4750.0,4665.2,4748.91,22668.982
1638320400000,4723.91,4723.92,4680.24,4690.57,18184.0592
1638316800000,4630.25,4731.4,4598.77,4723.92,41743.3235
1638313200000,4652.79,4667.65,4619.52,4630.26,12853.4019
1638309600000,4626.5,4671.49,4620.3,4652.79,11501.216
1638306000000,4643.77,4675.0,4598.3,4625.8,13447.8914
1638302400000,4663.23,4671.11,4618.01,4644.04,15020.221
1638298800000,4691.27,4692.94,4627.98,4663.23,18428.4392
1638295200000,4596.27,4694.46,4576.54,4691.28,36715.9433
1638291600000,4557.49,4616.0,4520.01,4596.3,40374.8994
1638288000000,4613.85,4669.88,4528.64,4557.5,85620.7359
1638284400000,4694.76,4753.0,4611.81,4613.85,68306.0516
1638280800000,4649.23,4696.0,4639.61,4694.56,52320.7003
1638277200000,4584.0,4656.0,4568.06,4649.24,44533.522
1638273600000,4590.47,4639.19,4578.0,4584.0,47909.9486
1638270000000,4489.16,4600.55,4460.99,4590.47,62935.2237
1638266400000,4439.38,4493.75,4429.08,4489.5,20145.3482
1638262800000,4421.27,4447.99,4400.32,4439.38,16783.0649
1638259200000,4412.81,4476.65,4390.94,4421.27,23978.5198
1638255600000,4412.84,4430.63,4376.07,4412.82,19914.6229
1638252000000,4385.52,4416.81,4346.36,4412.83,27551.6089
1638248400000,4443.92,4452.31,4385.0,4385.53,17328.4027
1638244800000,4434.97,4458.74,4428.01,4443.92,11925.4894
1638241200000,4465.0,4470.32,4401.01,4435.24,21049.3362
1638237600000,4458.14,4495.72,4455.59,4465.0,15990.7355
1638234000000,4483.25,4502.6,4428.0,4458.13,27381.3981
1638230400000,4444.54,4489.0,4433.69,4482.89,31007.7453
1638226800000,4439.12,4455.0,4429.44,4444.53,10769.1054
1638223200000,4448.97,4457.27,4427.3,4439.11,10376.0867
1638219600000,4408.89,4455.39,4406.35,4448.97,11292.3603
1638216000000,4386.99,4421.96,4383.09,4408.88,11884.3099
1638212400000,4429.08,4433.07,4381.07,4387.04,13805.2896
1638208800000,4438.36,4449.79,4424.94,4429.09,12685.2548
1638205200000,4409.61,4458.92,4402.39,4438.35,32008.6168
1638201600000,4336.07,4411.0,4328.32,4409.62,27605.4697
1638198000000,4318.9,4336.08,4301.44,4336.08,11946.3212
1638194400000,4345.59,4390.0,4303.05,4318.91,19519.1663
1638190800000,4308.8,4374.41,4306.1,4345.22,19199.661
1638187200000,4296.64,4318.33,4295.0,4308.8,8784.9782
1638183600000,4322.62,4332.83,4294.89,4296.64,9467.8885
1638180000000,4291.32,4330.99,4286.14,4322.61,15576.6111
1638176400000,4317.36,4335.71,4276.89,4291.66,18006.9775
1638172800000,4350.66,4359.51,4311.72,4317.36,9664.6598
1638169200000,4335.71,4366.28,4332.46,4350.74,12533.9845
1638165600000,4320.57,4338.0,4320.12,4335.7,9179.8884
1638162000000,4324.01,4336.65,4306.85,4320.57,13640.1033
1638158400000,4306.76,4355.0,4305.22,4324.01,24536.1316
1638154800000,4309.28,4319.95,4290.45,4306.75,13738.8923
1638151200000,4333.42,4339.52,4304.18,4309.29,13623.9926
1638147600000,4343.61,4375.0,4319.68,4333.41,22971.4795
1638144000000,4294.77,4373.43,4282.07,4343.61,54063.9994
1638140400000,4222.2,4298.51,4222.2,4294.78,26096.8518
1638136800000,4251.93,4291.0,4216.49,4222.63,26685.316
1638133200000,4138.13,4257.39,4132.48,4251.93,31151.4479
1638129600000,4099.01,4147.49,4098.91,4138.14,15549.2193
1638126000000,4051.02,4127.0,4042.54,4098.9,22475.2022
1638122400000,4036.22,4057.15,3964.0,4051.24,31164.504
1638118800000,4069.43,4082.56,4017.12,4036.23,14984.9617
1638115200000,4077.74,4089.97,4040.67,4069.42,11331.4474